1	fiji
2	out-of-scope
3	matlab
4	imagej
5	icy
6	acquisition
7	knime
8	visualization
9	toolbox
10	paint
11	invert
12	z-stack
13	slope
14	deconvolution
15	splines
16	holes
17	spline
18	micro manager
19	matrix
20	transpose
21	xls output
22	tag
23	psf
24	segmentation
25	tooltip
26	slice
27	ssim
28	java
29	n-dimensional
30	local extrema
31	tagger
32	object
33	image sequence
34	montage
35	quality control
36	set to background
37	workflow
38	spots
39	shape feature
40	speed
41	open source
42	membrane
43	profile
44	workbooks
45	simple
46	noise
47	tutorial
48	javascript
49	spot
50	utility
51	obsolete
52	median
53	operators
54	seed point
55	skeleton
56	mycosis
57	smoothing
58	workspace
59	statistics
60	untile
61	tnt
62	thresholding
63	widget
64	video recorder
65	protocol
66	threshold
67	script
68	postprocessing
69	texture
70	provider
71	roi
72	monitoring
73	video importer
74	microtiter plate
75	neurons
76	output
77	middlebury
78	scripting
79	preprocessing
80	morphology
81	measurement
82	microscope
83	shock
84	wavelet
85	simulation
86	image processing
87	registration
88	otsu
89	smooth
90	input
91	opencl
92	filtering
93	topology
94	xuggler
95	plugin
96	resize
97	receptor
98	voronoi
99	tracking
100	segmenetation
101	update
102	sequence
103	non linear
104	z
105	wormatlas
106	wavelets
107	remote
108	mask
109	web browser
110	snap
111	speckling
112	toxicity
113	screen shot
114	library
115	overlay
116	microscopy
117	relationship
118	volume
119	save images
120	spatial
121	watershed
122	vector graphics
123	rgbimage
124	server/client
125	protractor
126	time-series
127	trakem2
128	unique label
129	rotate
130	lims
131	vtk
132	opertaor
133	splash screen
134	pixel size
135	machine learning
136	viewer
137	video
138	stack
139	oriented
140	normalization
141	time
142	translate
143	warping
144	particles
145	pearson
146	spatial calibration
147	recall
148	test
149	signal processing
150	matlab importer
151	translocation
152	schunck
153	time-lapse
154	time stamp
155	programming tool
156	well
157	zoom
158	xls export
159	signed curvature
160	sift
161	windows
162	stack rotation
163	x-server
164	whole-organism
165	usability
166	open
167	optical flow
168	unsigned
169	importer
170	skeletonization
171	touchpad
172	tracker
173	network
174	spim
175	structuring element editor
176	train
177	time series
178	z-projection
179	parsing mathematical equation
180	snakes
181	pdf
182	sqlite
183	time delay
184	steerable
185	roi importer
186	socket
187	subtract
188	topography
189	sharpening
190	show off
191	z factor
192	variance
193	script editor
194	rigid transform
195	textural features
196	substract
197	structure
198	aydrajcsn
199	vasculature
200	photoshop
201	transformation
202	sinusoid
203	tiles
204	zeiss
205	sdk
206	translation
207	sobel
208	selection
209	transform
210	python
211	zernike
212	tiling
213	upsample
214	top hat
215	text block
216	vesicle
217	smooted histogram
218	stain
219	topologically correct marching cubes
220	top-hat
221	metadata
222	tracing
223	publish
224	rendering
225	table
226	widefield
227	scatter plot
228	vessel
229	split channels
230	tk/pil
231	velocity
232	rgb
233	swing
234	point
235	trajectory
236	web
237	restoration
238	thick
239	vesicles
240	vesicules
241	texture features
242	theoretical psf
243	subtraction
244	shift
245	xml
246	web frontend
247	unmixing
248	visualtization
249	vicinity
250	voronoi diagram
251	volume rendering
252	ungerflow
253	watersheds
254	yen
255	spines
256	transforms
257	voronoi labelling
258	tree-like structure
259	wxwidgets
260	workflows
261	whatershed thinning
262	user-friendly
263	web interface
264	standard
265	macos
266	mhmzmgso
267	active contours
268	active surfaces
269	contour
270	detection
271	gwukmiygy
272	interactive
273	model-based
274	object detection
275	outlining
276	parallel
277	scalable
278	4d
279	classification
280	freehand contour
281	intensity
282	isosurface
283	manual contour
284	marching cubes
285	shape
286	size
287	split
288	2d
289	automize
290	batch
291	cell segmentation
292	cell tracking
293	cells
294	cluster support
295	end point assays
296	gui
297	hcs
298	high content screening
299	high throughput screening
300	ehswmpqyqdy
301	ilastik
302	localization
303	measurements
304	object hierarcy
305	phenotyping
306	plugins
307	shape features
308	workflow engine
309	active-learning
310	automated tracking
311	batch processing
312	cellprofiler interoperable
313	density counting
314	electron microscopy
315	feature computation
316	hdf5
317	hysteresis thresholding
318	large images
319	learnable segmentation
320	machine-learning
321	manual tracking
322	multi-dimensional
323	multi-threading
324	pixel classification
325	random forest
326	real-time feedback
327	spectral decomposition
328	vigra
329	automated
330	fourier shift theory
331	nd
332	stitching
333	downsample
334	enlarge
335	interpolate
336	resampling
337	squeeeze
338	stretch
339	cellprofiler
340	cellular subcomponents
341	eigenvalues of hessian
342	hough
343	mitosis
344	rolling ball
345	speckles
346	autocompletion
347	doc
348	documentation
349	helper
350	javadoc
351	parser
352	3d viewer
353	commercial
354	image analysis
355	object overlap
356	annotation
357	image editing
358	image manipulation
359	manual editing
360	text
361	cell
362	nucleus
363	object hierarchy
364	organelles
365	split cells
366	c
367	compute cumulated intesity
368	distance of histograms
369	histogram based streching
370	histogram calculation
371	histogram operations
372	image streching
373	supervised
374	color
375	color deconvolution
376	eosin
377	giemsa
378	hematoxylin
379	histology
380	binary
381	global
382	graph cut
383	grayscale
384	probability image
385	kapur
386	maximum correlation thresholding
387	mixture of gaussians
388	ridler-calvard
389	contour map
390	display
391	graphical output
392	level
393	plot
394	plotting function
395	marching cube
396	mesh
397	mesh flattening
398	mesh noising
399	mesh smoothing
400	ct
401	fluorescence
402	mri
403	cell counting
404	cell division
405	colocalization
406	filter
407	image acquisition
408	live dead cells
409	analysis
410	lineage
411	chess
412	code sample
413	demo
414	illustration
415	interaction
416	closing
417	dilate
418	dilation
419	erode
420	erosion
421	morphological operations
422	opening
423	thicken
424	thin
425	codec
426	command line tool
427	compression
428	converter
429	decoder
430	encoder
431	formats
432	batch-processing
433	bioformats
434	cluster
435	distributed computing
436	experiment design
437	labeling
438	movie
439	blood vessel
440	manual
441	neuron
442	semi automated
443	browser
444	cloud
445	collaboration
446	cytology
447	database
448	medical
449	organization
450	sharing
451	tissue slides
452	brightfield
453	channel
454	color separation
455	color space
456	color splitting
457	color unmixing
458	dye
459	stain quantification
460	stain separation
461	analyzeskeleton
462	branching
463	neurite
464	time lapse
465	application
466	c++
467	command-line
468	interactive visualization
469	itk
470	neuroanatomy
471	neuron tracing
472	neuroscience
473	pluggable
474	3d textures
475	animation
476	basic image processing
477	big data
478	blending
479	interactive display adjustment
480	large image handling
481	maximum intensity projection
482	mip
483	multiresolution
484	auto threshold
485	correlation analysis
486	costes
487	double labelling
488	intensity based
489	manders
490	scatter
491	scatterplot
492	automatic
493	background
494	binarization
495	local
496	local thresholding
497	uneven illumination
498	gallery
499	tile
500	interactve
501	adaptive
502	datatype
503	chronometer
504	recorder
505	density
506	jython
507	svm
508	multi touch
509	collection
510	pool
511	internet
512	monitor
513	coder
514	chart
515	rhino
516	ring
517	morphological reconstruction
518	elements
519	finite
520	finite elements
521	live
522	pde
523	edge detection
524	boolean
525	operation
526	remover
527	measure
528	dimensions
529	binarized
530	block
531	alignment
532	automatic thresholding
533	particle
534	blurring
535	gaussian
536	illumination correction
537	caller
538	function
539	computation
540	graphic card
541	event management
542	edge
543	mereo
544	interpolation
545	ligand
546	ligand-receptor
547	area
548	propagate
549	separate cells
550	measurement display
551	cytoplasm
552	swimming pool
553	counting
554	color code
555	blocks
556	orthogonal sub image
557	debugging
558	help
559	rotation
560	active contour
561	active meshes
562	active surface
563	deformable models
564	find cell
565	find nucleus
566	gpu
567	graph-cut
568	level sets
569	need seedpoint
570	feature extraction
571	filters
572	haralick features
573	image-processing
574	numpy
575	otsu thresholding
576	pixel features
577	protein localization
578	slic superpixels
579	supervised learning
580	surf features
581	huang
582	intermodes
583	isodata
584	li
585	maxentropy
586	mean
587	minerror
588	minimum
589	moments
590	optimal
591	percentile
592	renyientropy
593	shanbag
594	triangle
595	3d color space
596	color analysis
597	color distribution
598	color histogram
599	distribution
600	visualisation
601	approximate
602	countours
603	drawing
604	ellipse
605	global thresholding
606	histogram
607	bleach
608	bleaching
609	confocal
610	correction
611	decay
612	exponential
613	fluorophore
614	frap
615	model fitting
616	displacement
617	distance
618	follow
619	b-spline
620	consistent
621	deformation
622	drift
623	elastic
624	morphing
625	arithmetics
626	dialogue
627	gpu support
628	kelvin
629	temperature
630	dynamic
631	orthogonal slicing
632	orthogonal views
633	reslice
634	slicing
635	artifact
636	calibration
637	camera
638	lens distorsion
639	lens distortion
640	non-linear distorsion
641	optical artifact
642	clustering
643	convex hull
644	dispersion
645	distribution estimation
646	manual segmentation
647	ratio
648	spatial distribution
649	surface
650	diffraction
651	model
652	point spread function
653	psf model
654	response
655	theoretical point spread function
656	align
657	jitter removal
658	lucas-kanade
659	movement filtering
660	stabilization
661	stabilize
662	time lapse sequences
663	eclipse
664	ecology
665	ide
666	modeling
667	modellling
668	r
669	denoising
670	filaments
671	intensity presevering
672	kuwahara
673	lines
674	microtubules
675	cell cycle
676	cellh5
677	error correction
678	event classification
679	event detection
680	fluorescence microscopy
681	framework
682	hidden markov models
683	high-content
684	high-content screening
685	image classification
686	kinetics
687	large-scale
688	live cell imaging
689	muti-processing
690	phenotpye
691	qt
692	time lapse analysis
693	time-lapse microscopy
694	cut
695	image visualization
696	orientations
697	orthogonal
698	orthoviewer
699	slicer
700	freeform roi
701	graph
702	image inspection
703	intensity profile
704	line roi
705	moving roi
706	squared roi
707	5d
708	excel
709	kymographe
710	add
711	average
712	complex imaginary
713	complex modulus
714	division
715	equivalence
716	inf
717	isnull
718	max
719	mult
720	normalize
721	cicardian
722	gene expression
723	movement
724	moving cell
725	quantification
726	camera calibration
727	computer vision
728	feature detection
729	motion analysis
730	object tracking
731	combine
732	deprecated
733	fuse images
734	overlap
735	prepcocessing
736	stitch
737	3d hole closing
738	alternate sequential filtering
739	asymetric skeleton
740	curve point detection
741	curvilinear skeleton
742	delete component
743	end point detection
744	euclidean binary skeleton
745	fill holes
746	guided skeleton
747	hit or miss
748	homotopic cutting
749	image to graph conversion
750	interior point detection
751	isolated point detection
752	junction point detection
753	multiple point detection
754	number of neighbors
755	object border
756	parallel 2d binary skeleton
757	separating point detection
758	sequential filter
759	skeleton decomposition
760	skeleton smoothing
761	thinning
762	topologically controlled dilation
763	topologically controlled erosion
764	.1sc
765	.2
766	.2fl
767	.3
768	.4
769	.acff
770	.afm
771	.aim
772	.al3d
773	.am
774	.amiramesh
775	.apl
776	.arf
777	.avi
778	.bip
779	.bmp
780	.c01
781	.cfg
782	.cr2
783	.crw
784	.cxd
785	.czi
786	.dat
787	.dcm
788	.dicom
789	.dm2
790	.dm3
791	.dti
792	.dv
793	.eps
794	.epsi
795	.exp
796	.fdf
797	.fff
798	.ffr
799	.fits
800	.flex
801	.fli
802	.frm
803	.gel
804	.gif
805	.grey
806	.hdr
807	.hed
808	.his
809	.htd
810	.html
811	.hx
812	.ics
813	.ids
814	.img
815	.ims
816	.inr
817	.ipl
818	.ipm
819	.ipw
820	.jp2
821	.jpg
822	.jpk
823	.jpx
824	.l2d
825	.labels
826	.lei
827	.lif
828	.liff
829	.lim
830	.lsm
831	.mdb
832	.mea
833	.mnc
834	.mng
835	.mod
836	.mov
837	.mrc
838	.mrw
839	.mtb
840	.mvd2
841	.naf
842	.nd
843	.nd2
844	.ndpi
845	.nef
846	.nhdr
847	.nrrd
848	.obsep
849	.oib
850	.oif
851	.ome
852	.ome.tiff
853	.par
854	.pcx
855	.pds
856	.pgm
857	.pic
858	.pict
859	.png
860	.pnl
861	.pr3
862	.ps
863	.psd
864	.r3d
865	.raw
866	.res
867	.scn
868	.sdt
869	.seq
870	.sld
871	.sm2
872	.sm3
873	.spi
874	.stk
875	.stp
876	.svs
877	.sxm
878	.tfr
879	.tga
880	.tif
881	.tiff
882	.tnb
883	.top
884	.txt
885	.v
886	.vms
887	.vsi
888	.vws
889	.wat
890	.xdce
891	.xml
892	.xqd
893	.xqf
894	.xv
895	.xys
896	.zfp
897	.zfr
898	.zvi
899	conversion
900	data formats
901	export
902	file formats
903	image format
904	image formats
905	import
906	loading
907	meta data
908	ome
909	ome-tiff
910	omero
911	open microscopy environment (OME)
912	reader
913	administration of users
914	automatic import
915	automatic tagging
916	big images
917	bio-formats
918	browse images
919	client
920	client-server
921	command line interface
922	data organization
923	data protection
924	data sharing
925	data storage
926	desktop interface
927	flimfit
928	forums
929	help and support
930	image annotations
931	image database
932	image export
933	image publishing
934	ldap
935	mobile device access
936	omero.searcher
937	projection
938	remote access
939	scripts
940	scripts repository
941	search
942	server
943	server-client
944	split view figure
945	storage
946	tagging
947	view images
948	volume viewer
949	bloodvessel
950	background subtraction
951	local background
952	chromatic aberration
953	chromatic shift
954	color alignment
955	rigid registration
956	hessian
957	image features
958	landmark
959	matching
960	point correspondence
961	anisotropic diffusion
962	edge enhancement
963	edge preserving
964	edges-preserving
965	image enhancement
966	no blur
967	non-linear
968	reduction
969	remove noise
970	sharp
971	add noise
972	convolution
973	directional filter
974	fft
975	fourier transform
976	gaussian filter
977	gradient
978	image convolution
979	image measure
980	image noising
981	image variance
982	laplacian
983	maximum flows
984	meanfilter
985	spline gradient
986	2d invariants
987	2d khalimsky order
988	3d geodesic reconstruction
989	3d labelling
990	3d surface collapse
991	3d thinning
992	alpha dilation
993	beta dilation
994	constrained collapse
995	geodesy
996	homotopic thinning
997	khalimsky
998	khalimsky watershed
999	parallel directional constrained collapse
1000	reconstruction
1001	theta-connected component labeling
1002	clojure
1003	label cells
1004	image stack
1005	blind
1006	fill
1007	mathematica
1008	swap dimensions
1009	3d annotation
1010	aggregates
1011	difference of gaussian
1012	editing
1013	sphere
1014	split objects
1015	synapses
1016	scene animation
1017	artificial cells
1018	borders
1019	dalaunay triangularization
1020	delaunay triangulation
1021	domain
1022	grid
1023	image annotation
1024	point tool
1025	space partition
1026	triangulation
1027	border
1028	derivative
1029	derivatives
1030	differentiation
1031	distro
1032	general purpose
1033	platform
1034	plugin distribution
1035	connected components
1036	fast
1037	generics
1038	kdtree
1039	ezplug
1040	phase contrast
1041	alignement
1042	basic registration
1043	conformation
1044	line alignment
1045	mark
1046	rigid
1047	best focus
1048	extended depth of field
1049	flatten
1050	focus
1051	focusing
1052	image combination
1053	micrograph
1054	arithmetic operators
1055	cross correlation
1056	flow
1057	flow map
1058	format and type conversions
1059	interactive operators
1060	optic flow
1061	piv
1062	denoise
1063	gaussian noise
1064	gibson & lanni
1065	poisson
1066	poisson noise
1067	pure-let
1068	richards & wolf
1069	surf
1070	automated analysis
1071	bioconductor
1072	image import
1073	nucleus segmentation
1074	screening
1075	statistical modelling
1076	cell biology
1077	confocal microscopy
1078	filament tracing
1079	light microscopy
1080	affine
1081	magnification
1082	resizing
1083	scaling
1084	squeeze
1085	behavior
1086	behaviour
1087	ffmpeg
1088	mice
1089	mouse
1090	mpeg
1091	rodent
1092	specific application
1093	track
1094	angle
1095	annotate
1096	measures angles
1097	orientation
1098	collaborative
1099	em
1100	google maps
1101	tiled
1102	3d navigation
1103	avi
1104	flycam
1105	flying camera
1106	keyframes
1107	star wars
1108	assemble
1109	enhancement
1110	mosaic
1111	block matching
1112	elastic alignment
1113	elastic deformation
1114	extended view
1115	mosaics
1116	keyframe
1117	render
1118	deph of field
1119	global threshold
1120	nuclei
1121	objects
1122	c.elegans
1123	control
1124	editor
1125	1d
1126	data
1127	execnet
1128	processing
1129	raster
1130	accurate
1131	capture
1132	perreault
1133	screen
1134	compose
1135	merge
1136	micro-manager
1137	density plot
1138	h2
1139	h2database
1140	parts
1141	length
1142	dialate
1143	interoperability
1144	relationships
1145	bug
1146	mathematical morphology
1147	valley
1148	figure
1149	figure preparation
1150	illustrator
1151	colour conversion
1152	scale
1153	scale bar
1154	plate
1155	kymograph
1156	load images
1157	reconstruct
1158	bwlabel
1159	connected sets
1160	label objects
1161	flip
1162	creating
1163	image
1164	maxima
1165	minima
1166	cell polarization
1167	low-level features
1168	math
1169	calibrator
1170	comparator
1171	compare
1172	difference
1173	advert
1174	splash
1175	example
1176	canvas
1177	log
1178	logarithmic
1179	fast fourier transform
1180	linear filtering
1181	publication
1182	benchmark
1183	generator
1184	masking
1185	iso-surface
1186	ortho-slice
1187	surface rendering
1188	adaptative
1189	maximum
1190	maxlocal
1191	multi-thread
1192	multithreaded
1193	noise removal
1194	opengray
1195	spot detection
1196	tophat
1197	c library wrapper
1198	filter operations
1199	graphical user interface
1200	linear filter
1201	local structure analysis
1202	multidimensional
1203	nd filters
1204	nd images
1205	nonlinear filter
1206	object generation
1207	object measurements
1208	statistical analysis
1209	subpixel
1210	area selection
1211	bounding box
1212	clipper
1213	cropping
1214	object analysis
1215	quantify
1216	acceleration
1217	motion model
1218	particle tracking
1219	persistent movement
1220	random walk
1221	data processing
1222	gatanâ€™s 3view
1223	io
1224	trackem2
1225	anaglyph
1226	anaglyphs
1227	color-coding
1228	red cyan glasses
1229	stereo view
1230	stereoscopic 3d
1231	riesz
1232	360.0
1233	dithering
1234	halftone thresholding
1235	newspaper
1236	printing
1237	raster image
1238	rasterize
1239	space-time plot
1240	2d histogram
1241	binning
1242	bubble graph
1243	cytofluorogram
1244	heatmap
1245	scattergram
1246	edge-preserving
1247	noise reduction
1248	morphometric
1249	building gui
1250	button
1251	combo
1252	datatypes
1253	design
1254	easy
1255	substance
1256	arrow
1257	graphic tool
1258	highlight
1259	(NONE)
1260	plotting
1261	scientific computing
1262	format
1263	crop
1264	viewing
1265	track manager
1266	track processor
1267	lan
1268	x server
1269	gate
1270	sort
1271	cell tagging
1272	markers
1273	level set
1274	close
1275	deblurring
1276	medical image
1277	motion estimation
1278	motion quantification
1279	16-bit
1280	8-bit
1281	floating-point
1282	signed
1283	browsing
1284	file-importer
1285	flickr
1286	clip
1287	gestures
1288	mac
1289	magic mouse
1290	dual-screen
1291	stereo
1292	stereo vision
1293	profiler
1294	probabilistic
1295	data-exporter
1296	exporter
1297	matlab exporter
1298	kalman
1299	boxplot
1300	data visualization
1301	statistics to object link
1302	photobleach
1303	configure
1304	daemon
1305	interaction with images
1306	fish
1307	fluorescent in-situ hybridization
1308	challenge
1309	isbi
1310	scoring
1311	blob
1312	cell nuclei
1313	estimator
1314	fret
1315	interactive segmentation
1316	file management
1317	combine images
1318	blobs
1319	object removal
1320	remove cells
1321	matlab-clone
1322	lib
1323	opreration
1324	plugin list
1325	regions
1326	imagej2
1327	distance map
1328	distance transform
1329	lung
1330	contrast enhancement
1331	dicom
1332	general image analysis
1333	medical image analysis
1334	medical imaging
1335	region growing
1336	reproducible research
1337	toolkit
1338	darkfield
1339	affine transormation
1340	automatic crop
1341	barycenter
1342	circle fit
1343	circle identification
1344	curvatures
1345	curve extraction
1346	curve2spline
1347	draw triangulation
1348	ellipse fit
1349	ellipse identification
1350	identify line
1351	identify parabola
1352	identify plane
1353	image translation
1354	isometries
1355	local circle fitting
1356	max diameters
1357	minimal rectangle
1358	parabola fit
1359	quasi shear rotation
1360	rectangle fit
1361	shape fitting
1362	spline drawing
1363	bisector
1364	closeball
1365	fast marching algorithms
1366	geodesic distance
1367	geodesic erosion
1368	granulometry
1369	integer medial axis
1370	lambda medial axis
1371	lantuejoul skeleton
1372	medial axis
1373	median filter
1374	radial opening
1375	rankfilter
1376	structuring element
1377	topology controlled sequential filter
1378	3d-viewer
1379	basic visualization
1380	digital connectivity
1381	digital topology
1382	discrete mathematics
1383	linux
1384	multi-dimensional images
1385	scriptable
1386	skeletons
1387	color processing
1388	extensible/plugin-ins/modules
1389	gaussian convolution
1390	graphical programming
1391	image calculator
1392	image normalizer
1393	imglib2
1394	integration platform
1395	labelling
1396	linear filters
1397	max filter
1398	max homogeneity
1399	nodes
1400	open-source
1401	parallelization
1402	pipeline
1403	quantile filter
1404	sigma filter
1405	sobel filter
1406	teams
1407	variance filter
1408	workflow database
1409	workflow management
1410	workflow managment
1411	area closing
1412	area opening
1413	area segmentation
1414	component labeling
1415	geodesic dilation
1416	geodesic operations
1417	geodesic propagation
1418	h-maxima
1419	h-minima
1420	height maxima
1421	height minima
1422	height segmentation
1423	meyer watershed
1424	meyer watershed 4d
1425	morphological dynamics
1426	select component
1427	shortest path
1428	topological watershed
1429	volume based filtering
1430	volume closing
1431	volume opening
1432	centroid
1433	count
1434	feature
1435	organelle
1436	3dview
1437	imview
1438	manipulate
1439	morphology demo
1440	hardware control
1441	min
1442	t-projection
1443	equation
1444	image math
1445	image operation
1446	color combination
1447	combine channels
1448	graphical scripting
1449	features
1450	first order statistics
1451	measuring
1452	measuring intensity
1453	shape descriptors
1454	extract
1455	mysql
1456	s.pombe
1457	hk-means
1458	k-means
1459	nuclei separation
1460	object separation
1461	quantization
1462	mcib3d
1463	mereotopology
1464	screen capture
1465	snapshot
1466	canny edge detector
1467	contrast
1468	equalization
1469	flattening
1470	histogram equalization
1471	adaptor
1472	communicator
1473	maximum projection
1474	mean projection
1475	minimum projection
1476	exponent
1477	multiply
1478	ec50
1479	feature selection
1480	reporting
1481	v factor
1482	basic statistics
1483	pca
1484	principal component analysis
1485	biomedical
1486	color quantization
1487	kmeans
1488	cell descriptors
1489	computefeatures
1490	moment features
1491	extensible
1492	flexible
1493	france
1494	micro-manage
1495	micromanager
1496	multi platform
1497	multi-roi
1498	package
1499	plugin concept
1500	algorithms
1501	c++-templates
1502	color space transformation
1503	gaussian filtering
1504	generic
1505	generic programming
1506	geometric transformation
1507	image filtering
1508	image pyramid
1509	image representation
1510	iterator
1511	iteratoradapters
1512	linear regression
1513	morphological transforms
1514	nonlinear regression
1515	jtreyyeil
1516	optimized
1517	spline interpolation
1518	stl-like
1519	templates
1520	analyze
1521	angiogenesis
1522	blood vessels
1523	branch
1524	branches
1525	dendrites
1526	end-point voxel
1527	junction voxel
1528	loop
1529	path
1530	pruning
1531	skeleton pruning
1532	slab voxel
1533	structure analysis
1534	anticlockwise
1535	boundary
1536	clockwise
1537	direction
1538	evolution
1539	interface
1540	flop
1541	comptage
1542	auto theshold
1543	costes algorithm
1544	image calibration
1545	benchmarking
1546	f-factor
1547	precision
1548	rand index
1549	arma
1550	maximum likelihood
1551	moving average
1552	overlays
1553	data-importer
1554	filler
1555	hole
1556	correlation
1557	horn
1558	horn-schunck
1559	origin
1560	output image
1561	segmentation result
1562	ruler
1563	powerwatershed
1564	cutting
1565	blur
1566	file importer
1567	noise estimation
1568	granularity
1569	dialog generator
1570	msd
1571	track number
1572	propagation
1573	manager
1574	post processing
1575	cell assay
1576	gabor
1577	haralick
1578	bending
1579	curvature
1580	3d viwer
1581	webcam
1582	curve to spline conversion
1583	draw
1584	draw a ball
1585	draw curve
1586	draw ellipse
1587	draw field
1588	draw line
1589	draw rect
1590	draw spline
1591	draw torus
1592	cmyk
1593	print
1594	fly-through
1595	key-frame
1596	presentation
1597	csv
1598	result
1599	spreadsheet
1600	track-importer
1601	cellular subcompartments
1602	classifier
1603	phenotype classification
1604	kirsch
1605	laplace
1606	prewitt
1607	separable
1608	outdated
1609	height
1610	color thresholding
1611	knn
1612	picker
1613	support vector machines
1614	anisotropic
1615	enhance
1616	figure creation
1617	paper
1618	separate channels
1619	2d visualization
1620	3d binary object visualization
1621	advanced 2d visualization
1622	interactive parameter manipulation
1623	mixture
1624	interleave
1625	remove
1626	automatic tracing
1627	dendrite
1628	diameter
1629	fast marching algorithm
1630	interacive
1631	manual tracing
1632	neuron reconstruction
1633	semi-automatic
1634	semi-automatic tracing
1635	sholl analysis
1636	soma
1637	spine
1638	spine tracking
1639	apps
1640	data analysis
1641	fast prototyping
1642	geometrical transformation
1643	large image block processing
1644	multi-platform
1645	parallel computing
1646	prototyping
1647	random number generator
1648	toolboxes
1649	autocorrelation
1650	crosscorrelation
1651	delaunay
1652	density filtering
1653	drift correction
1654	grouping
1655	histogram output
1656	localization microscopy
1657	palm
1658	sieving
1659	storm
1660	super resolution
1661	curve fitting
1662	fluorescence decay
1663	histogram matching
1664	photobleaching
1665	photobleaching correction
1666	series
1667	manupulation
1668	abs
1669	divide
1670	least squares
1671	shape filtering
1672	size filtering
1673	drop
1674	free
1675	gtk
1676	image conversion
1677	tomography
1678	similarity
1679	similarity transform
1680	frequency
1681	frequency analysis
1682	overlapping tiles
1683	clahe
1684	lsm
1685	graphical
1686	link
1687	programming
1688	colortable
1689	affine transform
1690	afin
1691	morphological filters
1692	perspective transform
1693	perspective transformation
1694	api
1695	customization
1696	developer
1697	maximum entropy
1698	canny
1699	laplacian of gaussian
1700	roberts
1701	eccentricity
1702	visual programming
1703	neurite tracing
1704	fiber detection
1705	neurite detection
1706	neuron cell morpholgy
1707	ganglion
1708	DRG
1709	nerve cells
1710	neurite length
1711	explant
1712	worms
1713	fundamental image processing and analysis
1714	large data
1715	Gaussian derivatives
1716	Gabor wavelets
1717	pyramids
1718	geometric transformations
1719	color space transformations
1720	linear algebra
1721	linear and non-linear regression
1722	DIPimage; introduction; matlab
1723	image analysis; dipimage; matlab; image processing
1724	course
1725	Phagokinetic Tracks
1726	PKT
1727	cell migration
1728	morphometric analysis
1729	bacteria
1730	lineage tree
1731	e-coli
1732	lineage tracking
1733	B. subtilis
1734	curve
1735	curve evolution
1736	images
1737	register
1738	riesz transform
1739	binary mask
1740	binary stack
1741	particle analysis
1742	count cells
1743	count objects
1744	surfaces
1745	center of mass
1746	connected particles
1747	volume measurements
1748	count nuclei
1749	crosshair
1750	orthogonal view
1751	360
1752	multi-modality
1753	image-guided therapy
1754	steerable  wavelets
1755	delineation
1756	closed curve fitting
1757	bspline
1758	ebimage
1759	cell profiler
1760	align images
1761	align planes
1762	image fusion
1763	roi measurement
1764	pet
1765	mr
1766	label
1767	ending points
1768	branching points
1769	interior points
1770	measure angle
1771	geometry
1772	sharp edges
1773	diffusion
1774	draw arrow
1775	basic
1776	auto
1777	segment nucleii
1778	segment cells
1779	histogram based
1780	16 bits
1781	8 bits
1782	threshold tests
1783	binary image
1784	two photon
1785	spherical aberration
1786	blind deconvolution
1787	optical density correction
1788	spinning disk
1789	linear
1790	preserve edges
1791	unwarp
1792	file format
1793	intensity correction
1794	bleach correction
1795	acquisition bleaching
1796	fading
1797	histogram matching method
1798	non quantitative
1799	exponential fitting
1800	blend
1801	electron microscope
1802	large specimen
1803	convert
1804	tiff
1805	dose response
1806	counter
1807	classify cell
1808	cell detection
1809	cell mitosis
1810	cell-based assays
1811	user interaction
1812	time-lapse analysis
1813	screening analysis
1814	nucleus detection
1815	pipe programming
1816	farenheit
1817	celsis
1818	jfreechart
1819	queen
1820	checkmate
1821	king
1822	circadian
1823	classify
1824	color image
1825	statistical significance
1826	intensity correlation
1827	inpector
1828	colour
1829	colour extraction
1830	dab
1831	h&e
1832	staining
1833	split colours
1834	split spectral channels
1835	customizable
1836	image merge
1837	composite channels
1838	detect objects
1839	label image
1840	general filter
1841	pixel
1842	flatfield
1843	count chromosomes
1844	cover
1845	theoritical deconvolution
1846	noise simulator
1847	2d/3d
1848	multi-methods
1849	theoritical psf generator
1850	developmental biology
1851	triangles
1852	separating cells from nuclei
1853	regions of  influence
1854	tissue segmentation
1855	edges
1856	psf generator
1857	lens
1858	distortion
1859	distortion correction
1860	aberration compensation
1861	cutting plane
1862	reslicing
1863	lateral view
1864	axial profile
1865	edit
1866	manually
1867	map
1868	elevation
1869	constrast
1870	grow
1871	expand
1872	results
1873	depth field
1874	in focus
1875	image projection
1876	depth of field
1877	field
1878	stereoscopy
1879	combine z slices
1880	z stacks
1881	depth
1882	macroscopy
1883	limited focus
1884	pdf extractor
1885	bioformat
1886	sparsity
1887	thresholded landweber
1888	keypoints
1889	mops
1890	featurej
1891	reference points
1892	menu
1893	software
1894	virtual stack
1895	multi raw
1896	virtual memory
1897	file import
1898	raw image
1899	raw
1900	intensity conservation equation
1901	pixel graph
1902	tool
1903	helmoholtz
1904	decision tree
1905	optimization
1906	grey image
1907	manual delineation
1908	c-elegans
1909	shape analysis
1910	curve analysis
1911	line
1912	counting spots per cells
1913	spot detector
1914	find
1915	segement
1916	object substraction
1917	anatomy
1918	lut
1919	enhance contrast
1920	dynamic range
1921	read
1922	stabilizer
1923	grid of images
1924	image overlap
1925	image grid
1926	reconstruct big images
1927	write
1928	integration
1929	macro
1930	headless
1931	calculator
1932	imaris
1933	fiber analysis
1934	distance analysis
1935	commerical
1936	realtionship
1937	cellular components
1938	internalization
1939	intracellular
1940	object statistics
1941	object relations
1942	manders coefficient
1943	pearson coefficient
1944	co-localized voxels
1945	co-localization percentages
1946	blood vesseles
1947	axon
1948	fiber
1949	dendritic tree
1950	thickness
1951	position
1952	distances
1953	measurments
1954	manual edit
1955	spot segmentation
1956	motion
1957	duration
1958	multi-dimensional plots
1959	gamma correction
1960	color table
1961	visualbasic
1962	data exchange
1963	c#
1964	pixel iterator
1965	abstract types
1966	integral
1967	integral image
1968	perspective
1969	isotropic scaling
1970	histogram classification
1971	multiclass
1972	iso
1973	iterative
1974	damas
1975	plots
1976	data interpretation
1977	prediction/correction
1978	lsm510
1979	carl zeiss
1980	landmark cloud
1981	larva tracking
1982	organism tracking
1983	fast marching
1984	partial differential equation
1985	linear kernel
1986	thread
1987	particle detection
1988	vesicle detection
1989	object thickness
1990	local thickness
1991	volume thickness
1992	local threshold
1993	image arithmetics
1994	vessicle tracking
1995	minimum length
1996	variable number
1997	automatic tracking
1998	gray level morphology
1999	rank order filter
2000	keep borders
2001	homogeneity
2002	entropy
2003	inter-class entropy
2004	colocalisation
2005	expression level
2006	image quality
2007	saturation
2008	focus quality
2009	anisotropic filtering
2010	concatenation
2011	acquistion
2012	photography
2013	faking
2014	miniature
2015	pan and tilt
2016	modelism
2017	object extraction
2018	gaussian model
2019	bimodal
2020	binary image processing
2021	movement analysis
2022	speed measurements
2023	intraclass variance
2024	multilevel thresholding
2025	mycosis detection
2026	computer aided diagnosis
2027	allignment
2028	effcient
2029	real-time applications
2030	template
2031	computer-vision
2032	maven
2033	grid access
2034	large parameter set
2035	model analysis
2036	scala
2037	grid computation
2038	text analysis
2039	intensity histogram
2040	automatic threshold
2041	threholding
2042	histogram partitioning
2043	particle image velocimetry
2044	tissue analysis
2045	vector map
2046	video microscopy
2047	morphogenesis
2048	traffic
2049	timelapse
2050	dynamics
2051	migration
2052	full width at half maximum
2053	airy unit
2054	wavelength
2055	fwhm
2056	bead
2057	refractive index
2058	psf theoritical generator
2059	theory
2060	resolution
2061	background removal
2062	2d 3d
2063	psf 3d
2064	theoritical psf
2065	beads
2066	need theoritical psf generator
2067	multi-core
2068	multi-threaded
2069	restore-tools
2070	huygens
2071	widefield microscopy
2072	fourier space
2073	spectral
2074	digital histology
2075	digital slide
2076	slide scanner
2077	pink
2078	fill hole
2079	count neighbours
2080	pgm
2081	greyscale
2082	ascii
2083	ga to latex
2084	3d scene
2085	cross-section
2086	delauney
2087	insert image
2088	plane
2089	image summary
2090	region summary
2091	histogram distance
2092	euclideian ball
2093	axis transform
2094	isthmuses
2095	khalimsky order
2096	maximum flow
2097	random image
2098	perturb
2099	visualize
2100	imagej plugin
2101	regional thresholding
2102	adaptive thresholding
2103	color measurement
2104	color profile
2105	color stack
2106	substraction
2107	merge color
2108	children
2109	aggregate
2110	counting per
2111	relation
2112	parents
2113	red
2114	color blind
2115	magenta
2116	color manipulation
2117	bug report
2118	color restoration
2119	multiscale
2120	color compensation
2121	image perception
2122	msrcr
2123	retinex
2124	grayscale morphology
2125	non-uniform
2126	sphere structuring element
2127	background shading
2128	background substraction
2129	background leveling
2130	fusion
2131	marker
2132	views
2133	fiducial markers
2134	stable
2135	multi-view
2136	fiducial
2137	light-sheet
2138	sure
2139	animated gif
2140	e.coli
2141	cell-lineage
2142	emai generator
2143	shepp-logan
2144	simulator
2145	image generation
2146	phantom generation
2147	phantom
2148	sholl
2149	edge perserving
2150	vessles
2151	neurite tracer
2152	semi-manual
2153	tube-like structures
2154	seeds
2155	tubular structures
2156	filament tracer
2157	fibers
2158	vascularization density
2159	filter noise
2160	spatial randomness
2161	spatial statistics
2162	regularity
2163	nearest neighbor
2164	fisheye
2165	pincushion
2166	multi-channel
2167	slices
2168	turboreg
2169	ripley's k function
2170	spatial colocalization
2171	statistical test
2172	region merging
2173	flat zones
2174	directional
2175	polarized
2176	imate stitching
2177	atlas
2178	lookup table
2179	hyperstack
2180	cell dynamics
2181	z stack
2182	illastik
2183	supervised segmentation
2184	adaptative thresholding
2185	trajectories analysis
2186	tracking analysis
2187	velocity measurements
2188	mean square displacement
2189	ellipsoids
2190	trainable
2191	random
2192	forrest
2193	colocalisation correction
2194	compute deformation from beads
2195	apply deformation
2196	non-rigid
2197	absorbance
2198	colour deconvolution
2199	vaa3d
2200	ratioed images
2201	volocity
2202	ischemia
2203	hindlimb
2204	3d reslicing
2205	influence zone
2206	seeded
2207	fmri
2208	friendly
2209	opencv
2210	pyqt
2211	omero.biobank
2212	omero.webtagging
2213	u-track
2214	wnd-charm
2215	Script repository
2216	Feedback and support
2217	C. Elegans
2218	Quantative measurement
2219	Sub-cellular compartments
2220	Fluorescent images
2221	High-throughput screening
2222	plugin-extensions
2223	image histogram
2224	orders topology
2225	image reconstruction
2226	distance calculation
2227	geodesic distances
2228	curvature calculation
2229	spline generation
2230	histological stains
2231	C++ library
2232	Microglia tracing
2233	integer programming
2234	graph-cuts
2235	alpha-expansion
2236	curvelets
2237	editing tools
2238	active learning
2239	interpretation
2240	microscopy datasets
2241	manual surface drawing
2242	spot editing
2243	track editing
2244	opacity
2245	ortho-slicer
2246	clipping plane
2247	plugins (matlab
2248	python)
2249	movie creation
2250	keyframe editing
2251	ROI processing
2252	freehand drawing
2253	freehand ROI
2254	manual distance measurement
2255	3D-annotation
2256	image readers/writer
2257	general purpose image processing
2258	Kalman Filter
2259	cross-platform
2260	2D 3D nD
2261	matlab blog education examples hands-on
2262	Fiji tutorial image analysis
2263	Page not found
2264	Notes
2265	unstable
2266	shaking
2267	bounce
2268	wiggle
2269	global optimization
2270	motion modelling
2271	hello
2272	virus
2273	spherical object
2274	non-particle discrimination
2275	input field
2276	user input
2277	find cells
2278	find nuclei
2279	Golgi
2280	Golgi Segmentation
2281	Active Mask
2282	spyder
2283	mini-library
2284	PIL
2285	site-package
2286	Arabidopsis
2287	leaf
2288	area measurement
2289	cotyledon
2290	microtubule segmentation
2291	ooeheuxiw
2292	morphometry
2293	plugins matlab
2294	plugins python
2295	3D reconstruction spines classification rendering
2296	3D reconstruction
2297	classification rendering
2298	file reader
2299	local adaptive thresholding
2300	normalized variance
2301	general
2302	centromere
2303	2Dpeak
2304	peaks
2305	kinetochore
2306	DeltaVision
2307	section
2308	histological slices
2309	kidney tubules
2310	cell counter
2311	neurite area
2312	neurite endpoints
2313	neurite attachment points
2314	weka
2315	adipocyte
2316	histomorphometry
2317	whole-slide
2318	H&E staining
2319	flim
2320	slim
2321	life time
2322	flourescence
2323	digital pathology
2324	eb
2325	western blots
2326	gel analysis
2327	Buttons
2328	vesicle segmentation
2329	Wound healing
2330	tissue
2331	endosomes
2332	aggregation
2333	distribution of spot distance
2334	moving structures
2335	walking average
2336	focal adhesion
2337	focal adhesion dynamics
2338	basic script
2339	protein
2340	microa-array
2341	intensity measurement
2342	autofocus
2343	pathology
2344	separate
2345	lighsheet
2346	stripes
2347	destripe
2348	tube
2349	bronchi
2350	unwind
2351	IHC
2352	Ki67
2353	cancer
2354	breast cancer
2355	ER
2356	PR
2357	length measurements
2358	tubeness
2359	volume of interest
2360	VOI
2361	additive noise
2362	mitochondria
2363	mitochondrial morphology
2364	cell area
2365	cell shape
2366	cell membrane
2367	membrane staining
2368	nuclei segmentation
2369	image extraction
2370	actionbar
2371	artemia
2372	redness
2373	color normalization
2374	round objects
2375	confluence
2376	cell culture
2377	area fraction
2378	manual thresholding
2379	CIELAB color space
2380	merging
2381	Aphelion
2382	calcium sparks
2383	ca2+ sparks
2384	calcium signaling
2385	ca2+ signaling
2386	leaf infection
2387	co-localisation
2388	multiplicity of cellular infection
2389	DNA damage
2390	Comet assay
2391	Single cell analysis
2392	spot-like structures
2393	Scratch assay
2394	drosophila
2395	flies
2396	fly
2397	fly tracking
2398	synapse
2399	TEM
2400	ssTEM
2401	serial section
2402	dots
2403	virtual slide
2404	linescan
2405	file-formats
2406	T
2407	epidermis
2408	interdigitation index
2409	filaggrin
2410	processing pipeline
2411	OpenSlide
2412	Anonymisation
2413	morphodynamics
2414	protrusion
2415	retraction
2416	lamellipodium
2417	moment
2418	dip
2419	bridge between software
2420	Phase-contrast microscopy
2421	haematoxylin
2422	object based colocalization
2423	Lymphatic Vessel Density
2424	LVD
2425	whole slide
2426	moment thresholding
2427	Hippocampal Neurons
2428	TIRF
2429	texture analysis
2430	Co-occurence Matrix
2431	GLCM
2432	angular second moment
2433	Inverse Difference Moment
2434	training
2435	STED
2436	Fluorescence in situ hybridization
2437	rosette
2438	expansion rate
2439	Cytoo
2440	cell micro-array
2441	sensitized emission
2442	intelligent imaging
2443	analysis feedback microscopy
2444	dual acquisition
2445	single molecule
2446	mRNA
2447	transcripts
2448	sally
2449	fossil
2450	3D landmarks
2451	3D surfaces
2452	affine transformation
2453	retina
2454	arteriole
2455	video tracking
2456	behavior analysis
2457	worm
2458	segmentatation
2459	zebrafish
2460	embryo
2461	correlative microscopy
2462	ConfoMap
2463	Leica Map
2464	MountainsMap
2465	lifetime
2466	fit
2467	microarrays
2468	directionalities
2469	data mining
2470	colonies
2471	agar plate
2472	deployed
2473	file export
2474	Cell tracking and cel volume measurement
2475	microtubule
2476	stereology
2477	growth
2478	plant morphology
2479	number
2480	moving stage
2481	bands
2482	electrophoresis
2483	gel
2484	Mexican Hat
2485	fileter
2486	2D tracking
2487	3D tracking
2488	fluorecence spectroscopy
2489	ICS
2490	STICS
2491	TICS
2492	FCS
2493	ICCS
2494	RICS
2495	TICCS
2496	point distribution model
2497	PDM
2498	diffraction limited spots
2499	ECMM
2500	foci
2501	dot detection
2502	scale transform
2503	dot  segmentation
2504	adipose tissue cellularity
2505	cell morphometry
2506	whole organism
2507	medaka
2508	ants
2509	stickleback
2510	wound closure
2511	wound closure assay
2512	centriole tracking
2513	3d threshold
2514	gene foci
2515	prefiltering
2516	Non Local Means
2517	line detection
2518	ridge detection
2519	line segmentation
2520	cell boundary detection
2521	differentials
2522	multicellular dynamics
2523	tail segmentation
2524	head segmentation
2525	image ethics
2526	cytoskeleton
2527	actin filament
2528	single-cell gel electrophoresis
2529	SCGE
2530	Leica
2531	leukocyte
2532	keratocyte
2533	germband
2534	cell lineage
2535	track merging
2536	track splitting
2537	C2C12 mouse stem cells
2538	RPE cells
2539	line tracing
2540	bilateral filter
2541	averaging
2542	nematic tensor
2543	eigenvector
2544	fibrils
2545	G-Function
2546	F-function
2547	H-function
2548	Spatial Distribution Index
2549	SDI
2550	Endothelial Tube Formation Assay
2551	ETFA
2552	meshed network
2553	skeletonize
2554	Graphical Language
2555	Instrument control
2556	engineering
2557	NI Vision
2558	graphical programming syntax
2559	custom user interface
2560	semantic web
2561	synapse detection
2562	ART
2563	SIRT
2564	fan beam projection
2565	parallel beam projection
2566	tesselation
2567	resolution estimation
2568	cluster analysis
2569	image registration
